analise,linhas,colunas,processos,atraso,t_total_ms,t_paralelo_ms,t_geracao_ms,t_scatter_ms,t_analise_max_ms,suspeitos,esq,dir,diagnostico
vetorizada,2000,2000,1,0.5,143.17,7.77,135.40,0.82,6.74,80446,4447,75999,ATENCAO CLINICA
vetorizada,2000,2000,1,0.5,160.23,7.77,152.46,0.84,6.74,80446,4447,75999,ATENCAO CLINICA
vetorizada,2000,2000,1,0.5,138.02,7.41,130.61,0.77,6.48,80446,4447,75999,ATENCAO CLINICA
vetorizada,2000,2000,2,0.5,704.01,523.86,180.16,2.35,8.04,80446,4447,75999,ATENCAO CLINICA
vetorizada,2000,2000,2,0.5,694.29,515.62,178.67,1.89,8.14,80446,4447,75999,ATENCAO CLINICA
vetorizada,2000,2000,2,0.5,707.32,524.86,182.46,1.79,8.56,80446,4447,75999,ATENCAO CLINICA
vetorizada,2000,2000,4,0.5,1720.74,1536.58,184.15,2.83,6.03,80446,4447,75999,ATENCAO CLINICA
vetorizada,2000,2000,4,0.5,1736.96,1554.17,182.79,2.93,4.16,80446,4447,75999,ATENCAO CLINICA
vetorizada,2000,2000,4,0.5,1700.38,1521.89,178.49,2.95,4.13,80446,4447,75999,ATENCAO CLINICA
vetorizada,2000,2000,8,0.5,3998.40,3634.61,363.79,27.83,7.02,80446,4447,75999,ATENCAO CLINICA
vetorizada,2000,2000,8,0.5,4086.74,3621.00,465.74,29.08,9.56,80446,4447,75999,ATENCAO CLINICA
vetorizada,2000,2000,8,0.5,4057.06,3642.93,414.12,33.63,5.21,80446,4447,75999,ATENCAO CLINICA
vetorizada,4000,4000,1,0.5,707.38,30.33,677.05,2.72,27.40,322228,17803,304425,ATENCAO CLINICA
vetorizada,4000,4000,1,0.5,576.95,30.11,546.84,2.77,27.12,322228,17803,304425,ATENCAO CLINICA
vetorizada,4000,4000,1,0.5,567.38,32.75,534.63,2.75,29.76,322228,17803,304425,ATENCAO CLINICA
vetorizada,4000,4000,2,0.5,1257.54,552.22,705.32,11.60,24.91,322228,17803,304425,ATENCAO CLINICA
vetorizada,4000,4000,2,0.5,1253.44,549.30,704.14,9.10,24.73,322228,17803,304425,ATENCAO CLINICA
vetorizada,4000,4000,2,0.5,1234.02,551.68,682.34,8.38,24.87,322228,17803,304425,ATENCAO CLINICA
vetorizada,4000,4000,4,0.5,2288.42,1558.06,730.35,7.71,16.59,322228,17803,304425,ATENCAO CLINICA
vetorizada,4000,4000,4,0.5,2397.87,1569.16,828.71,8.25,16.51,322228,17803,304425,ATENCAO CLINICA
vetorizada,4000,4000,4,0.5,2262.86,1541.18,721.68,7.77,16.17,322228,17803,304425,ATENCAO CLINICA
vetorizada,4000,4000,8,0.5,5425.88,3650.54,1775.34,31.04,17.49,322228,17803,304425,ATENCAO CLINICA
vetorizada,4000,4000,8,0.5,5449.75,3622.16,1827.59,33.88,21.72,322228,17803,304425,ATENCAO CLINICA
vetorizada,4000,4000,8,0.5,5414.73,3667.25,1747.49,56.40,25.47,322228,17803,304425,ATENCAO CLINICA
vetorizada,500,500,1,0.0,13.19,0.73,12.46,0.14,0.45,5018,278,4740,ATENCAO CLINICA
vetorizada,500,500,1,0.0,13.15,0.70,12.45,0.13,0.46,5018,278,4740,ATENCAO CLINICA
vetorizada,500,500,1,0.0,13.20,0.73,12.47,0.16,0.47,5018,278,4740,ATENCAO CLINICA
vetorizada,500,500,2,0.0,22.32,5.70,16.62,0.48,0.53,5018,278,4740,ATENCAO CLINICA
vetorizada,500,500,2,0.0,22.31,5.72,16.59,0.49,0.55,5018,278,4740,ATENCAO CLINICA
vetorizada,500,500,2,0.0,22.19,5.70,16.49,0.52,0.54,5018,278,4740,ATENCAO CLINICA
vetorizada,500,500,4,0.0,78.75,46.79,31.96,0.65,0.42,5018,278,4740,ATENCAO CLINICA
vetorizada,500,500,4,0.0,70.31,39.74,30.57,0.76,0.47,5018,278,4740,ATENCAO CLINICA
vetorizada,500,500,4,0.0,33.50,16.42,17.08,0.71,0.37,5018,278,4740,ATENCAO CLINICA
vetorizada,500,500,8,0.0,142.97,91.14,51.83,13.27,0.29,5018,278,4740,ATENCAO CLINICA
vetorizada,500,500,8,0.0,143.74,126.81,16.93,23.63,0.35,5018,278,4740,ATENCAO CLINICA
vetorizada,500,500,8,0.0,99.40,66.36,33.04,10.15,0.32,5018,278,4740,ATENCAO CLINICA
vetorizada,2000,2000,1,0.0,142.13,7.67,134.46,0.86,6.62,80446,4447,75999,ATENCAO CLINICA
vetorizada,2000,2000,1,0.0,150.06,9.37,140.69,0.90,8.24,80446,4447,75999,ATENCAO CLINICA
vetorizada,2000,2000,1,0.0,140.17,7.40,132.76,0.77,6.47,80446,4447,75999,ATENCAO CLINICA
vetorizada,2000,2000,2,0.0,194.38,15.64,178.74,1.89,8.14,80446,4447,75999,ATENCAO CLINICA
vetorizada,2000,2000,2,0.0,204.89,24.66,180.23,2.35,8.26,80446,4447,75999,ATENCAO CLINICA
vetorizada,2000,2000,2,0.0,205.53,24.47,181.06,1.72,8.15,80446,4447,75999,ATENCAO CLINICA
vetorizada,2000,2000,4,0.0,211.44,27.40,184.04,3.04,4.15,80446,4447,75999,ATENCAO CLINICA
vetorizada,2000,2000,4,0.0,211.49,28.07,183.42,3.22,4.17,80446,4447,75999,ATENCAO CLINICA
vetorizada,2000,2000,4,0.0,367.72,53.40,314.32,7.25,10.23,80446,4447,75999,ATENCAO CLINICA
vetorizada,2000,2000,8,0.0,524.84,168.40,356.44,49.40,15.39,80446,4447,75999,ATENCAO CLINICA
vetorizada,2000,2000,8,0.0,461.18,91.44,369.74,29.14,10.67,80446,4447,75999,ATENCAO CLINICA
vetorizada,2000,2000,8,0.0,545.36,150.59,394.77,27.92,10.55,80446,4447,75999,ATENCAO CLINICA
vetorizada,4000,4000,1,0.0,564.44,30.24,534.20,2.70,27.29,322228,17803,304425,ATENCAO CLINICA
vetorizada,4000,4000,1,0.0,570.49,30.31,540.18,2.83,27.27,322228,17803,304425,ATENCAO CLINICA
vetorizada,4000,4000,1,0.0,574.38,31.18,543.20,3.10,27.85,322228,17803,304425,ATENCAO CLINICA
vetorizada,4000,4000,2,0.0,726.98,49.80,677.17,9.26,25.14,322228,17803,304425,ATENCAO CLINICA
vetorizada,4000,4000,2,0.0,737.02,53.03,683.99,11.44,26.22,322228,17803,304425,ATENCAO CLINICA
vetorizada,4000,4000,2,0.0,723.54,46.03,677.51,8.99,24.95,322228,17803,304425,ATENCAO CLINICA
vetorizada,4000,4000,4,0.0,1032.75,86.32,946.43,11.57,58.05,322228,17803,304425,ATENCAO CLINICA
vetorizada,4000,4000,4,0.0,752.99,48.48,704.52,8.31,17.31,322228,17803,304425,ATENCAO CLINICA
vetorizada,4000,4000,4,0.0,867.11,46.13,820.97,7.51,19.14,322228,17803,304425,ATENCAO CLINICA
vetorizada,4000,4000,8,0.0,1723.16,139.92,1583.24,55.16,28.83,322228,17803,304425,ATENCAO CLINICA
vetorizada,4000,4000,8,0.0,1289.95,198.45,1091.50,49.22,34.08,322228,17803,304425,ATENCAO CLINICA
vetorizada,4000,4000,8,0.0,999.00,150.32,848.68,27.02,35.68,322228,17803,304425,ATENCAO CLINICA
vetorizada,6000,6000,1,0.0,1586.52,138.86,1447.66,72.25,66.39,725541,40171,685370,ATENCAO CLINICA
vetorizada,6000,6000,1,0.0,1535.05,138.36,1396.69,70.77,67.37,725541,40171,685370,ATENCAO CLINICA
vetorizada,6000,6000,1,0.0,1390.03,150.48,1239.55,71.99,78.28,725541,40171,685370,ATENCAO CLINICA
vetorizada,6000,6000,2,0.0,1836.00,148.28,1687.72,73.51,53.48,725541,40171,685370,ATENCAO CLINICA
vetorizada,6000,6000,2,0.0,1672.05,146.91,1525.14,74.25,54.38,725541,40171,685370,ATENCAO CLINICA
vetorizada,6000,6000,2,0.0,1691.79,146.58,1545.20,73.96,53.59,725541,40171,685370,ATENCAO CLINICA
vetorizada,6000,6000,4,0.0,1698.80,144.63,1554.17,84.84,30.26,725541,40171,685370,ATENCAO CLINICA
vetorizada,6000,6000,4,0.0,1927.21,115.55,1811.67,73.83,30.69,725541,40171,685370,ATENCAO CLINICA
vetorizada,6000,6000,4,0.0,1753.58,158.59,1594.99,87.67,60.55,725541,40171,685370,ATENCAO CLINICA
vetorizada,6000,6000,8,0.0,3267.61,341.85,2925.76,188.72,62.56,725541,40171,685370,ATENCAO CLINICA
vetorizada,6000,6000,8,0.0,2995.59,249.85,2745.74,159.08,34.53,725541,40171,685370,ATENCAO CLINICA
vetorizada,6000,6000,8,0.0,3456.99,271.25,3185.74,164.13,46.80,725541,40171,685370,ATENCAO CLINICA
laco,2000,2000,1,0.0,466.67,337.37,129.30,0.76,336.38,80446,4447,75999,ATENCAO CLINICA
laco,2000,2000,1,0.0,497.26,362.70,134.57,0.76,361.68,80446,4447,75999,ATENCAO CLINICA
laco,2000,2000,1,0.0,495.03,364.12,130.91,0.79,363.12,80446,4447,75999,ATENCAO CLINICA
laco,2000,2000,2,0.0,479.91,301.71,178.20,1.89,293.35,80446,4447,75999,ATENCAO CLINICA
laco,2000,2000,2,0.0,529.43,300.28,229.15,1.80,292.83,80446,4447,75999,ATENCAO CLINICA
laco,2000,2000,2,0.0,479.28,301.45,177.83,1.88,292.67,80446,4447,75999,ATENCAO CLINICA
laco,2000,2000,4,0.0,504.70,303.53,201.18,3.62,253.98,80446,4447,75999,ATENCAO CLINICA
laco,2000,2000,4,0.0,355.84,176.24,179.61,3.47,152.02,80446,4447,75999,ATENCAO CLINICA
laco,2000,2000,4,0.0,351.29,174.38,176.91,3.36,149.74,80446,4447,75999,ATENCAO CLINICA
laco,2000,2000,8,0.0,623.39,318.75,304.64,75.07,176.03,80446,4447,75999,ATENCAO CLINICA
laco,2000,2000,8,0.0,726.40,294.63,431.77,33.28,217.90,80446,4447,75999,ATENCAO CLINICA
laco,2000,2000,8,0.0,713.19,439.55,273.64,86.72,243.18,80446,4447,75999,ATENCAO CLINICA
laco,4000,4000,1,0.0,2083.00,1557.04,525.96,2.71,1554.06,322228,17803,304425,ATENCAO CLINICA
laco,4000,4000,1,0.0,1894.24,1374.75,519.49,3.07,1371.45,322228,17803,304425,ATENCAO CLINICA
laco,4000,4000,1,0.0,2058.74,1496.98,561.76,3.22,1493.49,322228,17803,304425,ATENCAO CLINICA
laco,4000,4000,2,0.0,1969.37,1276.77,692.60,8.56,1250.88,322228,17803,304425,ATENCAO CLINICA
laco,4000,4000,2,0.0,2077.76,1299.71,778.04,7.85,1273.01,322228,17803,304425,ATENCAO CLINICA
laco,4000,4000,2,0.0,1985.49,1294.42,691.08,8.60,1266.71,322228,17803,304425,ATENCAO CLINICA
laco,4000,4000,4,0.0,1354.54,657.63,696.90,8.73,632.72,322228,17803,304425,ATENCAO CLINICA
laco,4000,4000,4,0.0,1481.84,696.81,785.03,7.41,673.39,322228,17803,304425,ATENCAO CLINICA
laco,4000,4000,4,0.0,1491.25,683.51,807.75,11.05,652.11,322228,17803,304425,ATENCAO CLINICA
laco,4000,4000,8,0.0,2389.61,751.56,1638.05,33.67,647.16,322228,17803,304425,ATENCAO CLINICA
laco,4000,4000,8,0.0,1892.97,731.06,1161.92,36.88,635.44,322228,17803,304425,ATENCAO CLINICA
laco,4000,4000,8,0.0,2408.61,913.07,1495.54,70.47,810.99,322228,17803,304425,ATENCAO CLINICA
laco,6000,6000,1,0.0,4729.47,3608.01,1121.46,88.15,3519.61,725541,40171,685370,ATENCAO CLINICA
laco,6000,6000,1,0.0,4696.18,3540.58,1155.60,76.39,3463.95,725541,40171,685370,ATENCAO CLINICA
laco,6000,6000,1,0.0,4704.54,3509.15,1195.39,68.27,3440.63,725541,40171,685370,ATENCAO CLINICA
laco,6000,6000,2,0.0,4587.88,2964.50,1623.38,75.06,2868.44,725541,40171,685370,ATENCAO CLINICA
laco,6000,6000,2,0.0,4458.47,2920.98,1537.49,74.70,2830.70,725541,40171,685370,ATENCAO CLINICA
laco,6000,6000,2,0.0,4452.60,2920.39,1532.21,73.74,2830.86,725541,40171,685370,ATENCAO CLINICA
laco,6000,6000,4,0.0,3475.65,1542.72,1932.94,73.96,1453.90,725541,40171,685370,ATENCAO CLINICA
laco,6000,6000,4,0.0,3503.28,1936.82,1566.47,117.32,1802.09,725541,40171,685370,ATENCAO CLINICA
laco,6000,6000,4,0.0,3496.01,1685.63,1810.38,77.35,1572.20,725541,40171,685370,ATENCAO CLINICA
laco,6000,6000,8,0.0,5210.37,2294.80,2915.57,191.40,2024.78,725541,40171,685370,ATENCAO CLINICA
laco,6000,6000,8,0.0,5242.16,2172.86,3069.31,210.62,1893.65,725541,40171,685370,ATENCAO CLINICA
laco,6000,6000,8,0.0,5504.62,2510.41,2994.22,193.84,2283.81,725541,40171,685370,ATENCAO CLINICA
